"id","year","sub_season","breeding_outcome","breeding_success","first_day","log_ODBA","num_feed_fixes","num_ACC_fixes","mean_precip","prop_days_below_freezing","prop_storm_days","prop_grass","prop_ag","prop_bog"
10,1,4,1,1,113,-0.605657124,2070,3332,2.353901058,0,0.357142857,0.699404762,0,0.077380952
17,1,1,2,0,77,-0.614543789,1659,3335,1.611754837,0,0,0.039877301,0.530674847,0
10,1,2,1,1,95,-0.329301579,343,950,5.69812362,0,0,0.350621118,0.142857143,0.026086957
10,1,6,1,1,134,-0.372160134,1930,3336,0,0.428571429,0.071428571,0,0,0.565868263
10,1,5,1,1,127,-0.690281559,497,1665,0.157391306,0.857142857,0,0,0,0.553143713
10,1,1,1,1,81,-0.750170152,1236,2479,4.054239486,0,0.142857143,0.547169811,0.018867925,0
18,1,6,1,1,139,-0.461343341,1933,3335,0.011772832,0.928571429,0,0,0,1
13,1,5,2,0,128,-0.495033429,195,951,1.194103861,0.75,0.25,0,0,0.180851064
13,1,6,2,0,132,-0.446128791,1943,3091,0,0.692307692,0.076923077,0,0,0.076923077
10,1,3,1,1,99,-0.608759907,2083,3331,1.648142293,0,0.142857143,0.669642857,0.005952381,0.005952381
35,1,1,3,0,84,-0.597323172,1662,3331,4.006009538,0,0.142857143,0.534954407,0.045592705,0
9,1,2,2,0,95,-0.364605883,97,476,0.126774457,0,0,0.287545788,0.157509158,0.071428571
9,1,3,2,0,97,-0.540595939,1862,3570,1.665169487,0.066666667,0.133333333,0.441666667,0.141666667,0.336111111
9,1,4,2,0,112,-0.737320648,1783,3577,2.11781078,0,0.333333333,0.488888889,0.075,0.291666667
17,1,4,2,0,111,-0.494518468,2738,4287,2.277652803,0,0.333333333,0.733796296,0,0
9,1,6,2,0,129,-0.743106283,1507,3333,0,0.714285714,0.071428571,0,0,0.734939759
35,1,2,3,0,98,-0.143934275,15,474,0.550384934,0,0,0.167613636,0.068181818,0
17,1,2,2,0,91,-0.250570623,108,711,1.176676348,0.333333333,0,0.212740385,0.103365385,0.03125
9,1,5,2,0,127,-0.357398049,93,475,0.643058278,1,0,0,0,0.437777778
13,1,3,2,0,100,-0.539632572,1797,3334,1.674130448,0,0.142857143,0.547619048,0,0.008928571
13,1,4,2,0,114,-0.236271009,2097,3334,2.421005312,0,0.357142857,0.18452381,0,0
14,1,1,2,0,77,-0.904656509,1486,3340,1.611754837,0,0,0.036809816,0.527607362,0
14,1,2,2,0,91,-0.488491014,132,714,1.163871992,0.333333333,0,0.085714286,0.133333333,0.054761905
18,1,5,1,1,128,-0.682514604,1087,2615,0.405053321,0.545454545,0.181818182,0,0,0.426923077
18,1,4,1,1,112,-0.498442998,2546,3804,2.118379648,0,0.3125,0.604166667,0,0.2265625
37,1,1,2,0,84,-0.950116159,1210,3341,3.98853381,0,0.142857143,0.430340557,0.13003096,0
37,1,2,2,0,98,-0.177389272,68,477,1.545182393,0,0,0.470833333,0.091666667,0
37,1,3,2,0,100,-0.579521292,1883,3574,1.587355949,0,0.133333333,0.575,0,0.108333333
37,1,4,2,0,115,-0.617968892,1829,3328,2.632139704,0,0.428571429,0.550595238,0,0.145833333
37,1,5,2,0,129,-0.582848997,1797,4048,0.061889548,0.647058824,0.117647059,0,0,0.830049261
37,1,6,2,0,146,-0.419814342,1756,3326,0,0.357142857,0,0,0,0.996941896
17,1,3,2,0,94,-0.546621173,2426,4052,1.228361021,0,0.117647059,0.653562654,0.004914005,0.014742015
35,1,4,3,0,114,-0.614949025,1812,3094,2.412683427,0,0.384615385,0.618589744,0,0.054487179
35,1,5,3,0,127,-0.56662806,41,715,0.447245538,1,0,0,0,0.077943615
18,1,1,1,1,81,-0.880323893,1470,3332,4.008751303,0,0.142857143,0.103658537,0.469512195,0
18,1,2,1,1,95,-0.183469592,127,476,0.175517577,0,0,0.398369073,0.042283298,0.07641196
18,1,3,1,1,97,-0.555226657,2263,3569,1.587307896,0,0.133333333,0.538888889,0.002777778,0.102777778
14,1,3,2,0,94,-0.781323698,2236,4047,1.228364989,0,0.117647059,0.651960784,0.00245098,0.00245098
14,1,4,2,0,111,-0.806343453,2259,4286,2.277652803,0,0.333333333,0.733178654,0,0
14,1,5,2,0,129,-0.594423021,87,475,0.539114247,0.5,0.5,0,0,0.085106383
14,1,6,2,0,131,-0.999010641,1085,3334,0,0.714285714,0.071428571,0,0,0.975830816
36,1,1,2,0,74,-0.652463771,1600,3332,1.939789187,0,0.071428571,0.550151976,0.018237082,0
36,1,2,2,0,88,-0.317358922,101,477,1.37172851,0,0,0.440825942,0.088691796,0.12804878
36,1,3,2,0,90,-0.611543731,2508,4526,1.223755111,0.052631579,0.105263158,0.530701754,0.048245614,0.217105263
35,1,3,3,0,100,-0.491000251,2066,3334,1.698888172,0,0.142857143,0.577380952,0,0.044642857
36,1,5,2,0,128,-0.688328814,99,714,2.518635458,0.666666667,0.333333333,0,0,0.042253521
36,1,6,2,0,131,-0.610128183,1786,3336,0,0.642857143,0.071428571,0,0,0.864457831
35,1,6,3,0,130,-0.574398113,1287,3333,0,0.714285714,0.071428571,0,0,0.49375
17,1,5,2,0,129,-0.500043858,2259,4286,0.059266067,0.666666667,0.111111111,0,0,0.903755869
17,1,6,2,0,147,-0.514991392,1905,3330,0.056305211,0.857142857,0,0,0,1
9,1,1,2,0,81,-0.726250017,1142,2490,4.023543067,0,0.142857143,0.190184049,0.383435583,0
20,1,1,1,1,81,-0.87048998,1044,2479,4.064604177,0,0.142857143,0.531446541,0.028301887,0
20,1,2,1,1,95,-0.318188015,246,951,5.685608379,0,0,0.350454545,0.144949495,0.012777778
20,1,3,1,1,99,-0.624521366,1822,3335,1.648142293,0,0.142857143,0.672619048,0.005952381,0.014880952
20,1,4,1,1,113,-0.492877813,2130,3332,2.353901058,0,0.357142857,0.693452381,0,0.077380952
20,1,5,1,1,127,-0.545513612,1108,2853,0.086410913,0.583333333,0.083333333,0,0,0.625
20,1,6,1,1,139,-0.328968889,1969,3326,0.082926406,0.357142857,0,0,0,0.957186544
36,1,4,2,0,109,-0.68276307,2586,4526,2.384067748,0,0.263157895,0.541666667,0,0.405701754
13,1,1,2,0,84,-1.015172036,1028,3334,4.011581545,0,0.142857143,0.356466877,0.1829653,0
13,1,2,2,0,98,-0.27063541,96,475,1.156058071,0,0,0.083333333,0.270833333,0.071428571
1,2,1,2,0,52,-0.889171411,1339,3325,3.325038483,0,0.285714286,0.215805471,0.215805471,0.237082067
1,2,2,2,0,66,-0.762138716,2367,6003,3.8483247,0,0.12,0.244966443,0.354026846,0.120805369
1,2,3,2,0,91,-0.68501628,2116,4040,0.927119062,0,0,0.235148515,0.066831683,0.331683168
1,2,4,2,0,108,-0.617846401,2457,4039,0.377176807,0,0,0.573529412,0.026960784,0.308823529
1,2,5,2,0,125,-0.48192478,65,372,0,0,0,0,0,0.380952381
1,2,6,2,0,127,-0.317871951,2062,3322,0,0,0,0,0,0.990712074
2,2,1,2,0,81,-0.9825341,854,2628,1.741896256,0,0.071428571,0.551515152,0.018181818,0
2,2,2,2,0,95,-0.135828594,115,475,2.577391958,0,0,0.435714286,0.05,0.095238095
2,2,3,2,0,97,-0.637744803,1757,3565,0.289143462,0,0,0.360119048,0,0.244047619
2,2,4,2,0,111,-0.813218801,1460,3328,0.240688153,0,0,0.544642857,0,0.139880952
2,2,5,2,0,125,-0.457205968,2058,3565,0.000151895,0.666666667,0,0,0,0.875
2,2,6,2,0,140,-0.335272426,1852,3325,0,0,0,0,0,0.993883792
3,2,1,2,0,73,-0.970887522,1044,3328,3.563972989,0,0.071428571,0.297124601,0.488817891,0.003194888
3,2,2,2,0,87,-0.731785037,813,3010,1.388820585,0,0,0.244853218,0.259865536,0.067294442
3,2,3,2,0,100,-0.577416846,1492,2611,1.08100344,0,0,0.239382239,0,0.370656371
3,2,4,2,0,111,-0.586933629,1727,2851,0.462448743,0,0,0.526132404,0.087108014,0.233449477
3,2,5,2,0,123,-0.498758195,883,2296,0.050555124,0,0,0,0,0.6875
3,2,6,2,0,133,-0.392683357,1813,3321,0,0,0,0,0,1
4,2,1,2,0,81,-1.021953963,1003,3329,1.741381236,0,0.071428571,0.549848943,0.018126888,0
4,2,2,2,0,95,-0.157786014,105,474,2.402067661,0,0,0.341033435,0.04893617,0.145896657
4,2,3,2,0,97,-0.58675898,1655,3327,0.289143462,0,0,0.354166667,0,0.25
4,2,4,2,0,111,-0.769221589,1418,3329,0.240688153,0,0,0.556547619,0,0.130952381
4,2,5,2,0,125,-0.289746375,40,474,0.001139216,0.5,0,0,0,0.106382979
4,2,6,2,0,127,-0.546188106,2782,4301,0,0.571428571,0,0,0,0.982035928
14,2,6,3,0,128,-0.886771774,1123,3326,0,0.428571429,0,0,0,0.996884735
25,2,6,2,0,127,-0.435520439,1895,3321,0,0,0,0,0,1
7,2,1,2,0,69,-0.828600678,1257,3329,5.709434216,0,0,0.512195122,0.054878049,0
7,2,2,2,0,83,-0.498207169,694,2136,0.619465035,0.111111111,0,0.357843137,0.098039216,0.147058824
7,2,3,2,0,92,-0.485212592,2308,3801,0.332414374,0,0,0.536458333,0.0078125,0.1640625
7,2,4,2,0,108,-0.504953852,2368,3802,0.725564048,0,0,0.57480315,0,0.01312336
7,2,5,2,0,124,-0.535862663,228,949,0,0,0,0,0,0.221052632
7,2,6,2,0,128,-0.464017054,1738,3323,0,0,0,0,0,0.810126582
5,2,4,1,1,108,-0.700529852,2173,3560,0.684960384,0,0,0.677777778,0,0.161111111
30,2,1,2,0,70,-1.010976931,977,3328,2.444888973,0,0,0.426751592,0.089171975,0
21,2,1,1,1,83,-0.69678095,1676,3327,1.791770697,0,0,0.453674121,0,0.012779553
21,2,2,1,1,97,-0.366010864,174,460,0.022722895,0,0,0.191489362,0,0.397708674
21,2,3,1,1,99,-0.681749119,1483,2852,1.580550794,0,0,0.25,0.09375,0.552083333
21,2,4,1,1,111,-0.58389909,1737,2853,0.170868806,0,0,0.378472222,0.128472222,0.197916667
21,2,5,1,1,123,-0.508155812,510,1117,0.068781691,0,0,0,0,0.791666667
21,2,6,1,1,128,-0.6336231,1702,3323,0,0,0,0,0,1
31,2,2,3,0,89,-0.371574199,125,712,1.372068852,0,0,0,0.164179104,0.21108742
13,2,1,2,0,70,-0.96581333,1159,3329,2.43907569,0,0,0.006289308,0.496855346,0
5,2,1,1,1,76,-1.038383153,901,3324,1.049468568,0,0,0.318181818,0.315151515,0.009090909
5,2,2,1,1,90,-0.211583884,46,419,0.417446242,0,0,0.083063278,0.079822616,0.119733925
5,2,3,1,1,92,-0.699754448,2227,3793,0.352935698,0.0625,0,0.579634465,0.01305483,0.342036554
17,2,4,2,0,107,-0.59216117,2468,4514,0.265728839,0,0,0.692982456,0,0
5,2,5,1,1,123,-0.509439552,223,644,0.100572074,0,0,0,0,0.51984127
5,2,6,1,1,126,-0.712523799,1486,3323,0,0,0,0,0,0.631097561
32,2,4,1,1,112,-0.506486601,1899,3089,0.443500181,0,0,0.317307692,0,0.003205128
32,2,5,1,1,125,-0.523553721,196,620,0.001510627,0,0,0,0,0.430555556
32,2,6,1,1,128,-0.803090161,1244,3324,0,0,0,0,0,0.996855346
33,2,1,1,1,83,-0.775509218,1478,3329,1.791770697,0,0,0.45686901,0,0.012779553
23,2,1,2,0,83,-0.706135201,1473,3288,1.793839067,0,0,0.430379747,0.056962025,0.066455696
23,2,2,2,0,97,-0.392148925,136,447,0.108539964,0,0,0.209072978,0,0.128205128
23,2,3,2,0,99,-0.535331086,1522,3088,0.941480843,0,0,0.196141479,0.006430868,0.01607717
23,2,4,2,0,112,-0.644653852,1694,3089,0.443500181,0,0,0.314102564,0,0
23,2,5,2,0,125,-0.654425982,67,381,0.002265941,0,0,0,0,0.145833333
23,2,6,2,0,127,-0.461340206,1956,3321,0,0,0,0,0,1
26,2,6,3,0,125,-0.339691003,1841,3327,0,0,0,0,0,0.931343284
14,2,1,3,0,70,-1.269790291,845,3329,2.437726476,0,0,0.009404389,0.495297806,0
14,2,2,3,0,84,-0.373726159,227,947,0.630796098,0.25,0,0.3328125,0.1625,0.075
14,2,3,3,0,88,-0.737094253,2336,4516,0.244652936,0.263157895,0,0.61622807,0,0.006578947
14,2,4,3,0,107,-0.81158475,2225,4517,0.265728839,0,0,0.677631579,0,0
14,2,5,3,0,126,-0.372856595,101,475,0.003844487,0.5,0,0,0,0.347826087
25,2,5,2,0,123,-0.911658636,138,949,0.061169582,0.25,0,0,0,0.217391304
15,2,2,2,0,85,-0.478003038,497,1659,0.755621982,0,0,0.450175533,0.018903592,0.192546584
26,2,1,3,0,73,-1.048066695,1067,3329,3.884114844,0,0,0.501501502,0.054054054,0
26,2,2,3,0,87,-0.061150356,108,711,1.901011258,0.333333333,0,0.090337785,0,0
26,2,3,3,0,90,-0.70948124,1971,3804,0.84242693,0,0,0.234375,0,0.0078125
26,2,4,3,0,106,-0.637675104,2268,4037,0.788071179,0,0,0.455882353,0.014705882,0.093137255
26,2,5,3,0,123,-0.530478759,62,474,0.048798767,0,0,0,0,0.362318841
16,2,2,1,1,98,-0.299124048,23,190,0.029813051,0,0,0.153846154,0,0.076923077
16,2,3,1,1,99,-0.48068343,1565,2612,0.695955147,0,0,0.179389313,0,0.167938931
16,2,4,1,1,110,-0.375152275,1529,2614,0.688509318,0,0,0.346007605,0,0.254752852
9,2,1,1,1,70,-0.945087001,1190,3328,2.437538869,0,0,0.02507837,0.482758621,0
34,2,1,2,0,69,-0.981365695,1115,3329,5.709434216,0,0,0.531914894,0.05775076,0
24,2,1,2,0,83,-0.645164847,1520,3286,1.793933084,0,0,0.422222222,0.076190476,0.057142857
15,2,1,2,0,71,-1.04481033,1086,3329,2.393248097,0,0,0.413043478,0.086956522,0
11,2,6,2,0,128,-0.398584901,1876,3324,0,0,0,0,0,0.984375
15,2,3,2,0,92,-0.682402904,1912,4036,0.603760998,0,0,0.336609337,0,0.068796069
15,2,4,2,0,109,-0.661395703,2347,3800,0.271119663,0,0,0.606860158,0,0.081794195
15,2,5,2,0,125,-0.584500208,244,949,0.010661166,0.25,0,0,0,0.260416667
15,2,6,2,0,129,-0.443749645,2249,3323,0,0.428571429,0,0,0,0.796875
16,2,1,1,1,84,-0.886558523,1190,3293,1.364050295,0,0,0.472560976,0.00304878,0.00304878
17,2,3,2,0,87,-0.526359128,2583,4752,0.312177798,0.3,0,0.585416667,0,0.014583333
12,2,1,2,0,75,-0.893957685,1291,3325,2.832136219,0,0.071428571,0.041269841,0.412698413,0.079365079
17,2,5,2,0,126,-0.216766372,299,712,0.002562991,0.333333333,0,0,0,0.571428571
16,2,5,1,1,121,-0.527138085,160,633,0.422768581,0,0,0,0,0.305555556
16,2,6,1,1,124,-0.406242188,1869,3321,0,0,0,0,0,0.968051118
11,2,4,2,0,104,-0.516083957,2841,4992,0.813245572,0,0,0.261904762,0.111111111,0.55952381
11,2,5,2,0,125,-0.551233412,145,713,0.001681568,0,0,0,0,0.541666667
9,2,4,1,1,105,-0.502662453,2659,4270,1.027894695,0,0,0.408352668,0.218097448,0.345707657
38,2,4,1,1,112,-0.839620312,1519,3086,0.392393159,0,0,0.324758842,0.215434084,0.215434084
35,2,1,2,0,70,-0.900534187,1255,3328,2.43907569,0,0,0.301886792,0.188679245,0
35,2,2,2,0,84,-0.383015691,221,951,0.532294781,0,0,0.229678639,0.121928166,0.197542533
17,2,1,2,0,70,-0.936381413,1197,3328,2.436954745,0,0,0.009404389,0.501567398,0
17,2,2,2,0,84,-0.195676737,138,712,0.305621382,0,0,0.433189655,0.243730408,0.018025078
36,2,5,2,0,125,-0.5003725,256,949,0,0,0,0,0,0.479166667
36,2,6,2,0,129,-0.494847374,2208,3322,0,0.428571429,0,0,0,1
19,2,1,1,1,74,-1.068729278,1204,3328,2.090529656,0,0.071428571,0.451515152,0,0
17,2,6,2,0,129,-0.564126336,2035,3327,0,0.5,0,0,0,1
25,2,2,2,0,88,-0.603782173,129,675,2.473583124,0,0,0.18902439,0.024390244,0.042682927
25,2,3,2,0,91,-0.632503661,2422,3790,0.941667054,0,0,0.359116022,0,0.190607735
25,2,4,2,0,107,-0.526589495,2526,3792,0.444796885,0,0,0.490140845,0,0.01971831
19,2,5,1,1,122,-0.820409277,160,623,0.496919661,0.666666667,0,0,0,0.180555556
9,2,5,1,1,123,-0.481983967,77,474,0.046231258,0,0,0,0,0.833333333
36,2,1,2,0,70,-0.873030546,1296,3329,2.440071362,0,0,0.373040752,0.12539185,0
36,2,2,2,0,84,-0.649769565,1435,3802,0.564591144,0,0,0.777734494,0.005208333,0.095778542
36,2,3,2,0,100,-0.630710336,1796,3087,0.73946628,0,0,0.583333333,0.048076923,0.346153846
36,2,4,2,0,113,-0.720288435,1474,2852,0.457900185,0,0,0.649305556,0,0.208333333
13,2,2,2,0,84,-0.559148031,393,1662,0.580014902,0,0,0.195121951,0.079268293,0.326829268
27,2,1,2,0,83,-0.60878918,1502,3276,1.793752885,0,0,0.444444444,0.057142857,0.057142857
35,2,5,2,0,125,-0.381293505,205,712,0.000759477,0.333333333,0,0,0,0.152777778
11,2,1,2,0,66,-0.91881711,1228,3327,6.281859675,0,0,0.50955414,0.01910828,0
11,2,2,2,0,80,-0.296457284,208,948,1.874361235,0,0,0.29732493,0.114285714,0.091071429
9,2,2,1,1,84,-0.286010695,115,711,0.543445338,0,0,0.095238095,0.174603175,0.052154195
9,2,3,1,1,87,-0.508173705,2358,4273,0.466890379,0.166666667,0,0.225058005,0.250580046,0.306264501
12,2,6,2,0,127,-0.506633468,2015,3324,0,0,0,0,0,1
19,2,6,1,1,125,-0.621602302,1907,3319,0,0,0,0,0,1
9,2,6,1,1,125,-0.555763356,2007,3327,0,0.5,0,0,0,0.923076923
31,2,1,3,0,75,-0.885550902,1363,3327,2.832136219,0,0.071428571,0.047619048,0.40952381,0.085714286
24,2,5,2,0,125,-0.592501173,91,362,0.002407562,0,0,0,0,0.145833333
31,2,3,3,0,92,-0.695618743,2057,3803,0.51590025,0.0625,0,0.346354167,0.013020833,0.263020833
33,2,5,1,1,123,-0.470518176,172,613,0.068077411,0,0,0,0,0.402777778
33,2,6,1,1,126,-0.336389214,1899,3324,0,0,0,0,0,0.996904025
13,2,3,2,0,91,-0.818172418,1696,4041,0.941131828,0.058823529,0,0.12745098,0.279411765,0.441176471
12,2,2,2,0,89,-0.399190694,130,710,1.350641551,0,0,0.115012107,0.169491525,0.108958838
12,2,3,2,0,92,-0.625224086,2131,3801,0.23566487,0.0625,0,0.208333333,0.013020833,0.169270833
11,2,3,2,0,84,-0.734594609,2244,4752,1.483874969,0,0,0.23125,0.264583333,0.304166667
19,2,4,1,1,107,-0.649674808,2276,3564,0.37719341,0,0,0.336111111,0,0.372222222
30,2,3,2,0,92,-0.615666859,2087,4037,0.601558106,0,0,0.329207921,0,0.059405941
30,2,4,2,0,109,-0.55513408,2457,3805,0.26959863,0,0,0.597883598,0,0.095238095
38,2,3,1,1,99,-0.694464158,1643,3086,0.824992567,0,0,0.144230769,0.467948718,0.048076923
38,2,5,1,1,125,-0.694108094,152,595,0,0,0,0,0,0.208333333
38,2,6,1,1,128,-0.479858154,1830,3316,0,0,0,0,0,0.554140127
33,2,4,1,1,111,-0.848521365,1186,2854,0.185057539,0,0,0.340277778,0.024305556,0.5
24,2,6,2,0,127,-0.605505244,1664,3322,0,0,0,0,0,1
35,2,3,2,0,88,-0.517924097,2542,4278,0.421575929,0.222222222,0,0.604166667,0.023148148,0.016203704
35,2,4,2,0,106,-0.557671505,2652,4516,0.291086304,0,0,0.609649123,0,0.039473684
13,2,4,2,0,108,-0.871583304,1500,3805,0.399418009,0,0,0.098958333,0.325520833,0.453125
13,2,5,2,0,124,-0.506627832,139,713,0.007105858,0,0,0,0,0.446428571
12,2,4,2,0,108,-0.578468055,2394,4038,0.83389762,0,0,0.061425061,0,0.031941032
12,2,5,2,0,125,-0.588436554,121,474,0,0,0,0,0,0.133333333
27,2,4,2,0,113,-0.645491733,1793,3324,0.51018029,0,0,0.354166667,0,0.00297619
27,2,5,2,0,127,-0.63103453,214,832,0.026309731,0.5,0,0,0,0.284210526
30,2,5,2,0,125,-0.448243838,403,1188,0.00715352,0.4,0,0,0,0.433333333
30,2,6,2,0,130,-0.46318885,2245,3328,0,0.357142857,0,0,0,0.990936556
24,2,4,2,0,112,-0.602524004,1688,3089,0.443500181,0,0,0.33974359,0,0
34,2,5,2,0,125,-0.661177688,55,712,0,0,0,0,0,0.208333333
35,2,6,2,0,128,-0.392695275,2190,3324,0,0.571428571,0,0,0,0.927899687
34,2,6,2,0,128,-2.400436011,107,3328,0,0,0,0,0,0.394495413
30,2,2,2,0,84,-0.535614431,526,1901,0.65965401,0,0,0.45515593,0.005235602,0.167539267
31,2,4,3,0,108,-0.631231419,2293,4038,0.268971524,0,0,0.558823529,0,0.156862745
32,2,2,1,1,97,-0.33586431,140,474,0.129492928,0,0,0.166666667,0,0.119047619
13,2,6,2,0,127,-0.421392421,2402,3325,0,0.357142857,0,0,0,0.294294294
38,2,2,1,1,97,-0.365643568,140,452,0.013159643,0,0,0.568322981,0,0.195652174
19,2,3,1,1,91,-0.802224653,1975,3805,0.940060375,0.0625,0,0.2109375,0,0.638020833
33,2,3,1,1,99,-0.953558346,972,2854,1.556463286,0,0,0.215277778,0.041666667,0.684027778
27,2,6,2,0,131,-0.747000788,1369,3322,0,0,0,0,0,0.947204969
27,2,2,2,0,97,-0.999778944,104,455,0.115886501,0,0,0.186046512,0,0.093023256
33,2,2,1,1,97,-0.373999031,165,453,0.022722895,0,0,0.212765957,0,0.397708674
32,2,1,1,1,83,-0.620667268,1520,3296,1.793752885,0,0,0.446202532,0.060126582,0.050632911
31,2,5,3,0,125,-0.491169008,94,475,0.001068015,0,0,0,0,0.208333333
34,2,2,2,0,83,-0.598225121,673,2138,0.622535509,0,0,0.376811594,0.09178744,0.130434783
32,2,3,1,1,99,-0.458921982,1597,3088,0.942542289,0,0,0.201923077,0.009615385,0.016025641
24,2,3,2,0,99,-0.506222983,1519,3088,0.943282084,0,0,0.183870968,0.006451613,0.009677419
34,2,4,2,0,108,-0.633398378,2266,4042,0.665405454,0,0,0.650246305,0,0.120689655
34,2,3,2,0,92,-0.581387711,2169,3805,0.332414374,0,0,0.546875,0.010416667,0.208333333
24,2,2,2,0,97,-0.315299935,98,449,0.094196922,0,0,0.238095238,0,0.142857143
25,2,1,2,0,74,-1.040222044,952,3328,2.553233574,0,0.071428571,0.312121212,0.406060606,0
38,2,1,1,1,83,-0.805492563,1501,3317,1.696216443,0,0,0.563291139,0,0.433544304
31,2,6,3,0,127,-0.595740921,1499,3325,0,1,0,0,0,0.896969697
27,2,3,2,0,99,-0.573940622,1736,3325,0.880059837,0,0,0.19047619,0.008928571,0.011904762
19,2,2,1,1,88,-0.268503845,116,671,2.5105133,0,0,0.456277056,0.036363636,0.122077922
7,3,1,2,0,81,-0.487873514,1536,3332,0.779614045,0,0,0,0,0.675159236
7,3,2,2,0,95,-0.150228408,179,476,1.256216904,0,0.5,0.120074006,0,0.333024977
36,3,1,2,0,71,-0.663871562,1612,3334,1.774449052,0,0,0.230283912,0.280757098,0
26,3,2,2,0,98,-0.270103602,107,476,0.266626299,0,0,0.30952381,0.277777778,0
4,3,6,2,0,140,-0.439311181,1930,3331,0.105605078,0.785714286,0,0,0,0.990825688
26,3,1,2,0,84,-0.738013717,1812,3331,1.123445966,0,0,0,0.334346505,0.006079027
14,3,5,2,0,128,-0.526877105,143,713,0.040378407,0.666666667,0,0,0,0.291666667
14,3,6,2,0,131,-1.099900651,808,3329,0.05609601,0.357142857,0,0,0,1
14,3,1,2,0,77,-1.012190102,1222,3335,0.587803049,0,0,0.012618297,0.520504732,0
11,3,4,2,0,104,-0.550589534,2490,4283,0.741944204,0,0,0.300925926,0.145833333,0.546296296
36,3,3,2,0,88,-0.602992647,2494,4760,1.151404302,0.35,0.1,0.391666667,0.00625,0.24375
4,3,3,2,0,94,-0.498983361,2364,4284,1.816148619,0.111111111,0.111111111,0.395833333,0.025462963,0.083333333
45,3,1,2,0,77,-1.157277507,1200,3336,0.539562648,0,0,0.557926829,0.006097561,0
7,3,3,2,0,97,-0.46376216,2313,3809,1.548274365,0.0625,0.0625,0.324396783,0,0.109919571
12,3,5,2,0,123,-0.719605915,169,953,4.441813741,0.25,0,0,0,0.067171717
24,3,1,2,0,81,-0.56813362,1711,3321,1.06757889,0,0,0.536585366,0.268292683,0.009146341
4,3,2,2,0,91,-0.019312014,71,712,0.14242847,0,0,0.413793103,0.017241379,0
12,3,1,2,0,82,-0.980381288,1185,3097,0.54413414,0,0,0.217948718,0.144230769,0.009615385
36,3,2,2,0,85,-0.260508009,94,713,0.174300403,0,0,0.137566138,0.142857143,0.084656085
23,3,2,1,1,95,-0.370307176,190,690,3.27938156,0,0.666666667,0.234817814,0.102564103,0.226720648
22,3,2,2,0,98,-0.227203018,93,476,0.2907623,0,0,0.595833333,0,0
23,3,1,1,1,81,-0.896697358,1375,3335,0.95368151,0,0,0.431309904,0,0.418530351
23,3,5,1,1,123,-0.724896281,74,940,3.525593093,0.5,0,0,0,0.176421405
12,3,2,2,0,95,-0.5212228,126,476,1.288681679,0,0.5,0.234782609,0,0.026086957
42,3,3,2,0,97,-0.964292435,1356,3088,2.088918524,0,0.076923077,0.266666667,0.07,0.366666667
4,3,1,2,0,77,-0.679185875,1347,3333,0.568202991,0,0,0.545454545,0,0
4,3,5,2,0,129,-0.359427846,1395,2616,0.026591058,0.545454545,0,0,0,0.745247148
22,3,1,2,0,84,-1.044598796,1068,3337,0.877512052,0,0,0.328358209,0.002985075,0.250746269
12,3,6,2,0,127,-0.55068828,1829,3331,0.038672185,0.071428571,0,0,0,1
4,3,4,2,0,112,-0.585822868,2042,4045,0.019907489,0,0,0.600490196,0,0.193627451
11,3,6,2,0,131,-0.522660028,1771,3331,0.059330128,0,0,0,0,0.865671642
33,3,1,2,0,86,-0.597875639,1657,3277,0.532571141,0,0,0.591772152,0.003164557,0.170886076
45,3,2,2,0,91,-0.325087043,40,713,0.015126227,0,0,0.697802198,0.032967033,0.071428571
11,3,5,2,0,122,-0.635056148,855,2143,0.12592189,0.555555556,0,0,0,0.826525054
23,3,4,1,1,110,-0.490801852,1703,3097,0.285790489,0,0,0.210884354,0,0.734693878
7,3,4,2,0,113,-0.420431075,2275,3570,0.050492528,0,0,0.721590909,0,0.017045455
23,3,6,1,1,127,-0.397848165,2006,3331,0.027800568,0.142857143,0,0,0,1
8,3,2,1,1,104,-0.067180942,7,208,0,0,0,0,0,0
12,3,3,2,0,97,-0.647624699,1500,3096,2.050564167,0,0.076923077,0.163461538,0.108974359,0.205128205
12,3,4,2,0,110,-0.650772653,1851,3095,0.180689852,0,0,0,0,0
8,3,4,1,1,117,-0.644758612,1534,2615,0.036184849,0,0,0.640151515,0,0.242424242
8,3,5,1,1,128,-0.244505636,1251,3086,0.044870658,0.153846154,0,0,0,0.876623377
14,3,4,2,0,112,-0.85826405,1964,3812,0.017112143,0,0,0.682291667,0,0
34,3,1,2,0,66,-1.003734242,1103,3336,3.996259261,0,0,0.482758621,0.053291536,0
24,3,2,2,0,95,-0.392489743,145,702,4.156338363,0,0.666666667,0.222222222,0.225925926,0.124074074
33,3,2,2,0,100,-0.683464138,759,3037,0.864727728,0,0,0,0,0.041313269
45,3,3,2,0,94,-0.754756681,2296,4048,2.207698539,0.117647059,0.117647059,0.162561576,0.162561576,0.448275862
26,3,3,2,0,100,-0.494297288,1730,2853,1.961776935,0,0,0.49122807,0,0.221052632
6,3,1,1,1,82,-0.579795218,1723,3093,1.149396415,0,0,0.214285714,0.285714286,0.308441558
8,3,1,1,1,90,-0.619409003,1705,3319,0.682019949,0,0,0.536363636,0.245454545,0.036363636
17,3,3,2,0,95,-0.571534448,2159,4051,1.41325138,0.176470588,0.117647059,0.62745098,0.012254902,0.024509804
17,3,4,2,0,112,-0.591661457,2400,4050,0.019907489,0,0,0.683823529,0,0.00245098
11,3,1,2,0,69,-0.969014039,1081,3336,3.450388174,0,0,0.47005988,0.062874251,0
14,3,2,2,0,91,-0.211965619,177,952,1.609910327,0.25,0,0.43452381,0.175675676,0
14,3,3,2,0,95,-0.738765983,2138,4052,1.405931128,0.176470588,0.117647059,0.62254902,0.012254902,0.029411765
40,3,3,1,1,97,-0.93394908,1380,2852,2.084682538,0,0.083333333,0.320557491,0.090592334,0.271777003
19,3,5,1,1,119,-0.419105683,246,711,0,0,0,0,0,0.234285714
19,3,6,1,1,122,-0.49883517,2040,3327,0.378574595,0.357142857,0,0,0,1
24,3,3,2,0,98,-0.47278506,1631,3093,1.573841685,0,0,0.185897436,0.070512821,0.314102564
44,3,2,1,1,89,-0.202469995,23,475,0,0,0,0,0,0
23,3,3,1,1,98,-0.494687743,1517,2853,1.734158444,0,0,0.070921986,0.021276596,0.769503546
17,3,1,2,0,77,-0.753558114,1483,3336,0.576369682,0,0,0.025157233,0.506289308,0
17,3,2,2,0,91,-0.026811707,210,951,1.61671249,0.25,0,0.426276535,0.156626506,0.012048193
26,3,5,2,0,124,-0.459161352,47,714,0.014809605,0.333333333,0,0,0,0.051587302
26,3,6,2,0,127,-0.34298825,2178,3332,0.03053533,0.142857143,0,0,0,0.997005988
42,3,4,2,0,110,-1.053589049,1298,3089,0.285790489,0,0,0.5,0.025641026,0.381410256
40,3,1,1,1,81,-0.858232861,1676,3315,1.067296671,0,0,0.274760383,0.293929712,0.153354633
40,3,2,1,1,95,-0.359891104,120,456,3.821392507,0,0.5,0.382352941,0,0.205882353
11,3,3,2,0,87,-0.898686986,1647,4045,1.468945408,0.117647059,0.117647059,0.412776413,0.068796069,0.063882064
42,3,6,2,0,135,-0.617935918,2317,3324,0.285543081,0.071428571,0,0,0,1
43,3,1,2,0,75,-1.070120138,1319,3333,1.683481844,0,0,0.392749245,0.157099698,0.003021148
38,3,3,1,1,98,-0.548951226,2207,3325,1.263410823,0,0,0.217261905,0.199404762,0.238095238
38,3,4,1,1,112,-0.597198368,2304,3558,0.041948297,0,0,0.486111111,0.147222222,0.1
38,3,5,1,1,127,-0.325202704,36,467,0.07632351,0.5,0,0,0,0.063829787
45,3,4,2,0,111,-0.674118952,2698,4284,0.131049289,0,0,0.411764706,0,0.442352941
26,3,4,2,0,112,-0.455010736,1986,2850,0.009800752,0,0,0.701195219,0,0.067729084
6,3,2,1,1,95,-0.168088826,221,476,0.28008502,0,0.5,0.214285714,0.19047619,0.357142857
6,3,3,1,1,97,-0.530432197,1893,3566,1.962216487,0,0.066666667,0.351955307,0.030726257,0.455307263
8,3,3,1,1,105,-0.566482597,1618,2853,0.584598352,0,0,0.481481481,0.003703704,0.340740741
13,3,5,2,0,122,-0.661610397,378,1667,1.800123544,0.428571429,0,0,0,0.202380952
11,3,2,2,0,83,-0.580237015,152,950,9.222478032,0,0,0.563424947,0,0.024916944
29,3,6,2,0,125,-0.458541418,1496,3333,0.075013683,0.285714286,0,0,0,1
6,3,6,1,1,135,-0.768396488,1321,3331,0.242591698,0.071428571,0,0,0,1
19,3,4,1,1,107,-0.783779182,1582,2855,0.688146895,0,0,0.184027778,0.020833333,0.659722222
34,3,2,2,0,80,-0.361069045,116,475,0.038981399,0,0,0.219047619,0.10952381,0.056547619
34,3,3,2,0,82,-0.873695756,1735,4763,0.803661158,0.4,0.2,0.344467641,0.160751566,0.1565762
24,3,4,2,0,111,-0.563442485,1591,2855,0.040056063,0,0,0.354385965,0,0.042105263
38,3,6,1,1,129,-0.511872,1767,3323,0.055482197,0,0,0,0,0.623100304
13,3,1,2,0,80,-0.747767283,1364,3335,0.065276028,0,0,0.113564669,0.444794953,0
29,3,1,2,0,81,-0.629966531,1664,3318,1.067296671,0,0,0.207667732,0.297124601,0.188498403
29,3,2,2,0,95,-0.270306694,123,453,3.317514361,0,0.5,0.324324324,0,0.216216216
29,3,3,2,0,97,-0.699086064,1427,2860,2.071191087,0,0.083333333,0.329861111,0.097222222,0.267361111
29,3,4,2,0,109,-0.734924019,1376,2620,0.464206098,0,0,0.439393939,0.022727273,0.397727273
29,3,5,2,0,120,-0.472041701,484,1187,0.499594999,0,0,0,0,0.696428571
6,3,5,1,1,128,-0.367545421,627,1660,0.065035336,0.285714286,0,0,0,0.826923077
42,3,5,2,0,123,-0.593154233,1142,2841,1.289481963,0.25,0,0,0,0.652173913
19,3,3,1,1,95,-0.854500303,1377,2856,2.757820343,0.083333333,0.166666667,0.269503546,0.007092199,0.70212766
8,3,6,1,1,141,-1.328867234,718,3326,0.367099674,0.285714286,0,0,0,1
38,3,2,1,1,95,-0.387697749,217,684,2.173065376,0,0.666666667,0.323924731,0.068548387,0.161290323
47,3,4,2,0,115,-0.704134827,2026,3087,0.01442505,0,0,0.540192926,0,0.279742765
24,3,5,2,0,123,-0.529530858,163,941,3.329820488,0.25,0,0,0,0.010416667
39,3,1,2,0,86,-0.744180952,1690,3310,0.532571141,0,0,0.261290323,0.225806452,0.374193548
36,3,4,2,0,108,-0.598885271,2570,4759,0.766275014,0,0,0.729166667,0.002083333,0.033333333
36,3,5,2,0,128,-0.442377754,629,1427,0.035783636,0.666666667,0,0,0,0.390070922
7,3,5,2,0,128,-0.441636305,153,714,0.157695396,0.333333333,0,0,0,0.257142857
6,3,4,1,1,112,-0.46567883,2158,3807,0.108894468,0,0,0.42519685,0.002624672,0.37007874
7,3,6,2,0,131,-0.530120585,1657,3332,0.059231081,0,0,0,0,0.667711599
17,3,5,2,0,129,-0.634506594,338,1189,0.066123562,0.6,0,0,0,0.408333333
19,3,2,1,1,91,-0.343716314,128,913,0.704890601,0.25,0,0,0,0.102272727
17,3,6,2,0,134,-0.392606001,2231,3332,0.101916306,0.714285714,0,0,0,0.974522293
28,3,4,2,0,125,-0.584325748,564,953,0.018366212,0,0,0.677083333,0,0.0625
40,3,4,1,1,109,-1.023019403,1133,2614,0.464206098,0,0,0.496212121,0.022727273,0.393939394
22,3,3,2,0,100,-0.752005225,1307,2857,1.66288353,0,0,0.270833333,0.034722222,0.336805556
44,3,1,1,1,75,-1.099385573,1108,3335,1.683481844,0,0,0.369369369,0.174174174,0
33,3,3,2,0,113,-0.69274073,299,476,0.074883069,0,0,0.6875,0,0.041666667
33,3,4,2,0,115,-0.5762524,398,714,0.019707301,0,0,0.416666667,0.180555556,0.222222222
13,3,2,2,0,94,-0.201641287,97,476,1.206803884,0,0,0.044444444,0.288888889,0
13,3,3,2,0,96,-0.739612697,1420,3098,2.246598701,0,0.153846154,0.131410256,0.358974359,0.166666667
42,3,2,2,0,95,-0.362914152,135,457,3.006591981,0,0.5,0.361111111,0,0.194444444
19,3,1,1,1,77,-1.149423328,1040,3333,1.545318129,0,0,0.635258359,0,0
28,3,1,2,0,104,-1.106985668,1034,3335,0.299801778,0,0,0.056962025,0.566455696,0
39,3,5,2,0,123,-0.778383035,128,942,11.62526044,0.75,0,0,0,0.126436782
28,3,2,2,0,118,-0.311935832,96,475,0.163506611,0,0,0.292553191,0.14893617,0
13,3,6,2,0,129,-0.461485453,2202,3332,0.058388055,0.714285714,0,0,0,0.003058104
28,3,6,2,0,131,-0.464032913,1738,3332,0.092782424,0.357142857,0,0,0,0.975077882
38,3,1,1,1,81,-0.647620446,1919,3326,0.977451768,0,0,0.563291139,0,0.436708861
34,3,4,2,0,102,-0.618097664,3050,5001,0.477306875,0,0,0.648809524,0,0.303571429
34,3,5,2,0,123,-0.627119437,127,1190,2.801357671,0.4,0,0,0,0.226890756
24,3,6,2,0,127,-0.378582474,2087,3329,0.027800568,0.142857143,0,0,0,0.994011976
33,3,5,2,0,118,-0.602147772,992,2613,1.175272028,0.181818182,0,0,0,0.13740458
33,3,6,2,0,129,-0.281759625,2169,3331,0.054831971,0,0,0,0,1
36,3,6,2,0,134,-0.559307452,1867,3331,0.104000751,0.642857143,0,0,0,0.987692308
39,3,4,2,0,113,-0.60084418,1558,2365,0.009339132,0,0,0.6125,0,0.141666667
39,3,3,2,0,103,-0.794049671,1208,2375,1.520991305,0,0,0.422222222,0.031111111,0.404444444
42,3,1,2,0,81,-0.866602776,1662,3309,1.067296671,0,0,0.248407643,0.299363057,0.162420382
47,3,3,2,0,102,-0.824890901,1550,3092,1.485813567,0,0,0.282467532,0.00974026,0.36038961
39,3,6,2,0,127,-0.496717528,1896,3321,0.030263586,0.142857143,0,0,0,1
28,3,3,2,0,120,-0.724241474,611,1190,0,0,0,0.75,0,0.066666667
43,3,2,2,0,89,-0.690759907,1340,3094,1.668974108,0,0,0.501241722,0,0.306517158
45,3,5,2,0,129,-0.756223551,709,1665,0.073269793,0.571428571,0,0,0,0.844594595
47,3,5,2,0,128,-0.533579392,1297,2380,0.044416917,0.1,0,0,0,0.826271186
47,3,6,2,0,138,-0.920615208,1405,3331,0.168351238,0.071428571,0,0,0,0.729230769
44,3,3,1,1,91,-0.997547186,1602,3806,1.498344789,0.0625,0.125,0.513089005,0.002617801,0.031413613
28,3,5,2,0,129,-0.444028218,58,476,0.042998767,1,0,0,0,0.375
44,3,5,1,1,123,-0.69456645,215,1190,2.41566783,0.6,0,0,0,0.367701863
13,3,4,2,0,109,-0.871601941,1252,3098,0.392789775,0,0,0.240384615,0.246794872,0.423076923
22,3,5,2,0,123,-0.491477015,1233,2855,1.5125852,0.166666667,0,0,0,0.73943662
34,3,6,2,0,128,-0.453997139,1347,3093,0.025224753,0.076923077,0,0,0,0.900641026
43,3,3,2,0,102,-0.762251707,1643,3092,1.488698563,0,0,0.309027778,0.010416667,0.291666667
22,3,4,2,0,112,-0.628631692,1561,2620,0.010691729,0,0,0.121212121,0.212121212,0.659090909
44,3,6,1,1,128,-0.610132859,1945,3330,0.056459647,0.142857143,0,0,0,0.573208723
43,3,4,2,0,115,-0.72976703,2106,3328,0.035305471,0,0,0.476340694,0,0.264984227
44,3,4,1,1,107,-0.748453565,2188,3806,0.316031994,0,0,0.544959128,0,0.19346049
43,3,6,2,0,131,-0.689499896,1943,3332,0.064623861,0,0,0,0,0.381818182
47,3,2,2,0,89,-0.657446778,1360,3097,1.66658874,0,0,0.517957919,0,0.292188075
45,3,6,2,0,136,-0.685356013,2003,3328,0.112816348,0.642857143,0,0,0,0.892405063
43,3,5,2,0,129,-0.646010847,73,476,0.002381611,0.5,0,0,0,0.063829787
47,3,1,2,0,75,-1.097037468,1331,3336,1.683481844,0,0,0.381381381,0.165165165,0
40,3,6,1,1,123,-0.714690262,1950,3322,0.231588638,0.285714286,0,0,0,1
39,3,2,2,0,100,-0.583214892,176,689,1.353845981,0,0,0,0,0.246212121
22,3,6,2,0,135,-0.542838073,1878,3332,0.382453253,0.142857143,0,0,0,0.958466454
40,3,5,1,1,120,-0.493760046,211,711,0.051615791,0.333333333,0,0,0,0.434782609
4,4,3,2,0,95,-0.530569211,2001,3570,0.95257445,0.4,0,0.480555556,0.027777778,0.083333333
4,4,1,2,0,78,-0.941944895,1090,3335,0.580334234,0,0,0.509433962,0.012578616,0
4,4,2,2,0,92,-0.090210209,94,714,0.495136991,0.333333333,0,0.383640553,0,0.169354839
12,4,2,2,0,100,-0.37190421,22,475,1.292927945,0,0,0.270833333,0,0.125
12,4,4,2,0,112,-0.617353513,1275,2376,0.337727686,0,0,0.025,0,0.004166667
26,4,4,1,1,113,-0.614837357,1411,2376,0.729559161,0,0,0.662280702,0,0.206140351
12,4,1,2,0,86,-0.800139812,1268,3336,3.408713925,0,0,0.107784431,0.032934132,0.005988024
12,4,3,2,0,102,-0.586526423,1379,2379,2.178961284,0,0,0.125523013,0,0
29,4,3,2,0,102,-0.557089623,1389,2383,2.007910604,0,0,0.456066946,0.029288703,0.39748954
14,4,1,1,1,79,-1.272889473,882,3337,0.580560124,0,0,0,0.560606061,0
4,4,4,2,0,110,-0.627229449,1806,3571,0.157794958,0,0,0.55,0,0.202777778
29,4,2,2,0,100,-0.267290814,129,473,1.562158207,0,0,0.094794095,0.203282828,0.328768454
26,4,1,1,1,87,-1.100693224,1151,3322,1.930884307,0,0,0.003030303,0.306060606,0.024242424
23,4,5,3,0,121,-0.40918253,153,468,0.020789869,0.5,0,0,0,0.524390244
26,4,3,1,1,102,-0.625139228,1425,2612,1.862901199,0,0,0.430278884,0,0.334661355
26,4,5,1,1,123,-0.58464698,134,713,0.059597928,0.333333333,0,0,0,0.38832998
29,4,1,2,0,86,-0.592697126,1721,3334,2.181831053,0,0,0.393292683,0.079268293,0.411585366
14,4,4,1,1,109,-0.678611702,2011,3336,0.196767087,0,0,0.806547619,0,0
23,4,6,3,0,123,-0.506411025,1807,3333,0.107292731,0,0,0,0,1
14,4,2,1,1,93,-0.033720028,21,476,0.706160251,0.5,0,0.257142857,0,0
14,4,3,1,1,95,-0.748751137,1734,3336,0.487338316,0.428571429,0,0.613095238,0,0.017857143
24,4,3,2,0,93,-0.555473512,1742,3569,1.381205338,0.4,0,0.538888889,0.047222222,0.141666667
24,4,2,2,0,91,-0.028229378,73,474,0.018211821,0,0,0.246153846,0.030769231,0.092307692
23,4,1,3,0,87,-0.754319292,1502,3332,1.93216376,0,0,0.525679758,0.13897281,0.006042296
36,4,4,2,0,110,-0.360038996,1947,3570,0.273091505,0,0,0.136111111,0,0.008333333
36,4,5,2,0,125,-0.329421707,1158,2616,0.136578017,1,0,0,0,0.817490494
26,4,6,1,1,126,-0.584427891,1638,3329,0.110628694,0.142857143,0,0,0,0.968454259
17,4,2,2,0,93,0.156801059,37,476,0.678049584,0.5,0,0.219834711,0.109090909,0.041322314
29,4,4,2,0,112,-0.575108264,1508,2382,0.729559161,0,0,0.595833333,0,0.170833333
29,4,5,2,0,122,-0.419089293,451,1182,0.039601995,0.4,0,0,0,0.775
29,4,6,2,0,127,-0.486580863,1727,3331,0.186655561,0.142857143,0,0,0,1
12,4,5,2,0,122,-0.548136715,146,712,0.014792018,0.666666667,0,0,0,0.148148148
4,4,5,2,0,125,-0.418456678,3159,5470,0.21855062,0.826086957,0,0,0,0.844202899
43,4,4,2,0,109,-0.739739095,2400,3799,0.516017882,0,0,0.407514451,0,0.234104046
4,4,6,2,0,148,-0.656918847,1538,3329,0.023163247,0.214285714,0,0,0,0.96875
36,4,1,2,0,79,-1.07918813,1024,3334,0.580926126,0,0,0.030395137,0.525835866,0
14,4,6,1,1,126,-0.703261951,1347,3332,0.11402513,1,0,0,0,1
26,4,2,1,1,101,0.054802613,0,237,0.28145833,0,0,0,0,0
36,4,3,2,0,95,-0.70718835,1870,3571,3.317409916,0.4,0,0.113888889,0.008333333,0.002777778
17,4,1,2,0,79,-0.964546279,1151,3337,0.580560124,0,0,0.003039514,0.556231003,0
36,4,6,2,0,136,-0.678175272,1816,3330,0.256486558,0.571428571,0,0,0,0.993957704
17,4,3,2,0,95,-0.623945001,1936,3576,0.480391752,0.4,0,0.647222222,0,0.002777778
42,4,3,1,1,102,-0.859295547,1146,2144,2.231011782,0,0,0.449074074,0.027777778,0.435185185
42,4,4,1,1,111,-0.717248793,1437,2143,0.784884423,0,0,0.675925926,0.00462963,0.314814815
42,4,5,1,1,120,-0.503491387,187,705,0.037791519,0.333333333,0,0,0,0.468167702
24,4,1,2,0,77,-0.539265249,1714,3325,2.788324285,0,0,0.493670886,0.367088608,0.009493671
43,4,2,2,0,89,-0.433745143,147,714,4.788190305,0,0,0.23943662,0.070422535,0.112676056
43,4,3,2,0,92,-0.812535083,2290,4045,1.649275118,0.411764706,0,0.476309227,0.007481297,0.197007481
22,4,3,2,0,102,-0.745105698,1066,2144,2.220898916,0,0,0.240740741,0.185185185,0.388888889
24,4,4,2,0,108,-0.47316132,2012,3331,0.604536308,0.142857143,0,0.244047619,0.005952381,0.032738095
24,4,5,2,0,122,-0.3660592,53,469,0.084461939,0.5,0,0,0,0.145833333
23,4,2,3,0,101,-0.420914725,116,445,0.445906799,0,0,0.239130435,0.065217391,0
45,4,5,1,1,124,-0.658328205,2522,4046,0.120919969,0.882352941,0,0,0,0.892172961
6,4,1,2,0,90,-0.773364553,1512,3328,0.685805013,0,0,0.26433121,0.321656051,0.197452229
39,4,2,1,1,100,-0.255994751,111,475,1.511705952,0,0,0.14516129,0.225806452,0.349462366
39,4,3,1,1,102,-0.686002175,1469,2382,2.001040768,0,0,0.470588235,0.050420168,0.390756303
39,4,4,1,1,112,-0.643015484,1396,2137,0.205483003,0,0,0.791666667,0.018518519,0.189814815
6,4,5,2,0,125,-0.543725074,215,948,0,0.5,0,0,0,0.618055556
42,4,6,1,1,123,-0.587297055,2058,3332,0.117239737,0.285714286,0,0,0,1
19,4,4,1,1,104,-0.496009312,1824,2618,1.84627333,0,0,0.329545455,0,0.386363636
19,4,5,1,1,115,-0.524526207,1143,1897,0.746462146,0.125,0,0,0,0.115183246
14,4,5,1,1,123,-0.446543971,180,714,0.086276448,0.333333333,0,0,0,0.211267606
40,4,4,2,0,111,-0.710602482,1388,2141,0.784884423,0,0,0.655813953,0.004651163,0.334883721
44,4,1,2,0,77,-1.196918682,882,3335,3.295549599,0,0,0.212025316,0.297468354,0
36,4,2,2,0,93,-0.061708226,21,475,0.002256198,0.5,0,0.181818182,0.060606061,0
7,4,1,2,0,85,-0.571424224,1630,3334,3.117025516,0,0,0,0,0.371165644
39,4,1,1,1,86,-0.739134739,1684,3330,2.181831053,0,0,0.352024922,0.090342679,0.37694704
45,4,6,1,1,141,-0.802104752,1722,3329,0.142937577,0.428571429,0,0,0,0.826498423
7,4,3,2,0,102,-0.399996177,1728,2620,0.985590692,0,0,0.424242424,0.003787879,0.003787879
7,4,4,2,0,113,-0.532531607,1560,2617,0.167034215,0,0,0.63878327,0,0.011406844
39,4,5,1,1,121,-0.56445256,178,708,0.058266698,0,0,0,0,0.509090909
8,4,4,2,0,112,-0.450232957,1488,2139,0.205591013,0,0,0.611111111,0,0.356481481
17,4,6,2,0,146,-0.913939206,1387,3333,0.063738343,0.214285714,0,0,0,1
22,4,1,2,0,86,-0.747781733,1479,3335,2.181831053,0,0,0.590909091,0,0.160606061
22,4,2,2,0,100,-0.211801635,104,476,1.624954067,0,0,0,0.204878049,0.253658537
8,4,6,2,0,138,-0.726805222,1197,3328,0.350980547,0.285714286,0,0,0,1
45,4,1,1,1,75,-1.148707287,1238,3335,0.696849521,0,0,0.517350158,0,0
43,4,6,2,0,128,-0.698752844,1975,3332,0.159984001,0.071428571,0,0,0,0.335463259
22,4,6,2,0,139,-0.646715481,1684,3332,0.70178932,0.5,0.071428571,0,0,0.959752322
7,4,2,2,0,99,0.007809095,103,713,1.751486651,0,0,0,0,0.071637427
41,4,4,2,0,107,-0.858811973,1909,3334,0.929221326,0,0,0.389221557,0.248502994,0.30239521
6,4,2,2,0,104,-0.275953671,191,468,0.293332853,0,0,0.036474164,0.021276596,0.495440729
6,4,3,2,0,106,-0.497124793,1030,2143,1.776553959,0,0,0.339534884,0.013953488,0.506976744
6,4,4,2,0,115,-0.502918158,1370,2378,0.661841677,0,0,0.425,0,0.5125
39,4,6,1,1,124,-0.60609094,1416,3328,0.109635319,0.428571429,0,0,0,1
8,4,3,2,0,103,-0.50170256,1313,2141,1.200849285,0,0,0.595348837,0,0.339534884
6,4,6,2,0,129,-0.317635667,1700,3332,0.244475238,0.071428571,0,0,0,1
8,4,5,2,0,121,-0.346462887,1703,4017,0.101673485,0.411764706,0,0,0,0.865661566
12,4,6,2,0,125,-0.466584172,1896,3331,0.077578928,0.214285714,0,0,0,1
43,4,5,2,0,125,-0.647431933,177,714,0.001493452,0.666666667,0,0,0,0.425213675
33,4,1,2,0,87,-0.669040264,1595,3333,1.930884307,0,0,0.586102719,0,0.163141994
33,4,2,2,0,101,-0.088579957,13,200,0.583916887,0,0,0,0,0
33,4,3,2,0,102,-0.64524285,803,1666,2.725953469,0,0,0.327380952,0.083333333,0.321428571
23,4,3,3,0,103,-0.550820317,1148,2143,2.375348364,0.222222222,0,0.089622642,0,0.122641509
23,4,4,3,0,112,-0.4706499,1269,2142,0.375252984,0,0,0.1,0,0.380952381
33,4,6,2,0,132,-0.452995748,1735,3091,0.627042404,0.153846154,0,0,0,1
42,4,2,1,1,100,-0.333309901,80,476,1.536437877,0,0,0.160087719,0.184210526,0.407894737
19,4,1,1,1,76,-1.019352099,1315,3332,3.913090254,0,0,0.50955414,0,0
17,4,5,2,0,124,-0.379039539,3210,5238,0.208624844,0.863636364,0,0,0,0.904942966
19,4,2,1,1,90,-0.457203069,33,443,0.157292364,0,0,0.045454545,0,0.375
43,4,1,2,0,75,-1.038673208,1341,3336,2.934526806,0,0,0.237082067,0.328267477,0
40,4,3,2,0,102,-0.824888778,1164,2141,2.231011782,0,0,0.449074074,0.032407407,0.435185185
28,4,6,2,0,150,-0.513199328,1476,3330,0.026748674,0.142857143,0,0,0,0.978527607
22,4,4,2,0,111,-0.624506927,1249,2142,0.784884423,0,0,0.502325581,0.074418605,0.320930233
45,4,2,1,1,89,-0.390086427,224,951,1.627625274,0,0,0.266666667,0.2,0.053333333
45,4,3,1,1,93,-0.944142003,1729,3567,1.169933184,0.466666667,0,0.403899721,0.114206128,0.052924791
45,4,4,1,1,108,-0.875912599,2140,3808,0.564099033,0,0,0.489583333,0.0703125,0.361979167
41,4,3,2,0,93,-0.935511477,1746,3330,1.429752447,0.5,0,0.435820896,0.113432836,0.101492537
41,4,5,2,0,121,-0.689339001,180,705,0.139466455,0.333333333,0,0,0,0.391666667
8,4,1,2,0,87,-0.769086284,1407,3325,1.930884307,0,0,0.5,0.090909091,0.036363636
17,4,4,2,0,110,-0.531011291,2138,3336,0.169066027,0,0,0.704477612,0,0
28,4,1,2,0,76,-1.006287722,1100,3336,0.591648742,0,0,0.072327044,0.462264151,0
7,4,6,2,0,128,-0.445817029,1873,3331,0.168088264,0,0,0,0,0.575384615
19,4,3,1,1,92,-0.86851869,1164,2857,0.510657957,0.583333333,0,0.214035088,0,0.571929825
28,4,5,2,0,126,-0.38202524,2646,5711,0.218093093,0.666666667,0,0,0,0.84375
28,4,4,2,0,109,-0.456068871,2731,4042,0.109043954,0.058823529,0,0.705882353,0,0.024509804
19,4,6,1,1,123,-0.531240023,2027,3329,0.087694528,0.214285714,0,0,0,1
22,4,5,2,0,120,-0.66169141,2165,4521,0.065538032,0.315789474,0,0,0,0.876254181
41,4,1,2,0,77,-1.24236222,864,3336,1.44945547,0,0,0.373493976,0.391566265,0
24,4,6,2,0,124,-0.396411794,1993,3328,0.100981393,0,0,0,0,1
44,4,3,2,0,93,-0.827395594,1566,3333,0.773520135,0.5,0,0.388059701,0.002985075,0.170149254
44,4,4,2,0,107,-0.499279448,2144,3093,0.426722741,0,0,0.669966997,0,0.330033003
44,4,5,2,0,120,-0.633280034,229,951,0.028763629,0.5,0,0,0,0.203030303
8,4,2,2,0,101,-0.437218531,107,444,0.50510792,0,0,0.212765957,0,0.042553191
7,4,5,2,0,124,-0.463733413,185,952,0.000646212,0.75,0,0,0,0.239583333
48,4,1,2,0,76,-1.093361699,1264,3336,3.913090254,0,0,0.540625,0,0
40,4,1,2,0,86,-0.902134428,1607,3327,2.181831053,0,0,0.382716049,0.070987654,0.410493827
40,4,2,2,0,100,-0.277683441,82,475,1.60586816,0,0,0.134146341,0.227642276,0.335365854
44,4,2,2,0,91,-0.333788642,55,476,0.033083887,0,0,0,0.323529412,0
41,4,2,2,0,91,-0.230094291,34,459,0.051851949,0,0,0.428571429,0.071428571,0
48,4,4,2,0,107,-0.653484996,2185,3331,0.386886782,0,0,0.629850746,0.002985075,0.343283582
48,4,5,2,0,121,-0.715262694,374,1159,0.036782426,0.4,0,0,0,0.550847458
44,4,6,2,0,124,-0.634163477,1654,3092,0.122768655,0.230769231,0,0,0,0.473856209
42,4,1,1,1,86,-0.872399722,1637,3332,2.181831053,0,0,0.386018237,0.072948328,0.382978723
48,4,6,2,0,126,-0.5502148,2158,3331,0.11360397,0.142857143,0,0,0,0.99380805
33,4,4,2,0,109,-0.633193482,801,1429,0.260222002,0,0,0.423611111,0.0625,0.298611111
28,4,3,2,0,93,-0.628792276,1895,3809,1.157043263,0.4375,0,0.372395833,0.145833333,0.171875
41,4,6,2,0,124,-0.703569806,1997,3331,0.111663073,0.214285714,0,0,0,1
33,4,5,2,0,115,-0.363557874,2137,4019,0.392793267,0.235294118,0,0,0,0.55036855
28,4,2,2,0,90,-0.314822498,128,714,0.192091812,0,0,0,0,0.046153846
40,4,6,2,0,123,-0.729621817,1574,3092,0.126251643,0.384615385,0,0,0,1
48,4,3,2,0,93,-0.851291128,1732,3329,0.850872205,0.5,0,0.490963855,0.063253012,0.198795181
40,4,5,2,0,120,-0.4675785,157,706,0.024006263,0.333333333,0,0,0,0.423440454
48,4,2,2,0,90,-0.543152733,146,691,0.34297736,0,0,0.163934426,0.016393443,0.259016393
45,5,2,1,1,86,-0.079118972,4,238,0,0,0,0.2,0,0.1
39,5,2,2,0,100,-0.177022598,28,238,0.339041196,0,0,0.076923077,0.076923077,0.230769231
39,5,1,2,0,86,-0.809595368,1575,3326,2.527313597,0,0.142857143,0.105105105,0.366366366,0.465465465
42,5,6,2,0,127,-0.681340842,1979,3571,0.396375905,0.8,0,0,0,0.988304094
39,5,4,2,0,111,-0.772139138,1307,2612,0.009212274,0,0,0.563706564,0.034749035,0.092664093
7,5,6,2,0,128,-0.530652196,1622,3332,0.429197639,0.928571429,0,0,0,0.883792049
4,5,2,2,0,86,0.003667869,3,237,0,0,0,0.090909091,0.181818182,0.090909091
23,5,2,2,0,100,-0.348288366,43,238,0.360014069,0,0,0.2,0,0.066666667
45,5,3,1,1,87,-0.834847423,2177,4281,0.75822528,0.277777778,0,0.342597147,0.119158879,0.225036891
4,5,3,2,0,87,-0.603456364,2113,4518,0.642349556,0.368421053,0,0.157894737,0.221491228,0.112041467
23,5,5,2,0,119,-0.700218441,10,237,0.707203764,1,0,0,0,0.2
23,5,6,2,0,120,-0.735570236,1508,3332,0.464125261,1,0,0,0,1
23,5,4,2,0,110,-0.638812788,1026,2140,0.733641149,0,0,0.243949454,0,0.547868923
4,5,1,2,0,72,-0.880161143,1275,3335,0.58717938,0,0,0.475757576,0.057575758,0
33,5,6,2,0,121,-0.453425842,1828,3331,0.540549549,1,0,0,0,1
4,5,5,2,0,125,-0.498881853,121,714,0.486544426,1,0,0,0,0.385507246
24,5,1,2,0,85,-0.716500578,1611,3566,2.361133313,0,0.133333333,0.06231454,0.454005935,0.03264095
45,5,1,1,1,72,-1.212002931,1155,3334,0.592273581,0,0,0.404255319,0.127659574,0
43,5,1,3,0,71,-1.066912589,1219,3336,1.096342194,0,0,0.403125,0.090625,0
23,5,1,2,0,85,-0.787451983,1645,3572,2.332077057,0,0.133333333,0.49408284,0,0.402366864
41,5,2,1,1,92,-0.395564419,21,473,2.418639816,0,0,0.038851351,0.116554054,0
23,5,3,2,0,101,-0.62342506,1210,2140,1.766151336,0,0,0.297169811,0,0.547169811
17,5,1,1,1,73,-0.927904187,1186,3336,0.150207799,0,0,0.012195122,0.530487805,0
7,5,4,2,0,111,-0.742341058,1282,2620,0.010874746,0,0,0.598776657,0,0
7,5,5,2,0,122,-0.523720714,487,1428,0.068731923,1,0,0,0,0.690140845
39,5,5,2,0,122,-0.706035897,509,1425,0.092492315,1,0,0,0,0.855072464
39,5,6,2,0,128,-0.579432289,1678,3330,0.425558912,0.928571429,0,0,0,1
8,5,3,2,0,101,-0.609407548,1392,2379,0.777231848,0,0,0.579166667,0,0.420833333
4,5,4,2,0,106,-0.7900856,1902,4523,0.30420923,0,0,0.491189427,0.004405286,0.242290749
19,5,4,2,0,103,-0.868500697,1517,2856,1.799436801,0,0,0.364583333,0.003472222,0.364583333
43,5,3,3,0,86,-0.729828654,2404,4284,1.069811816,0.222222222,0,0.398550725,0.060386473,0.34057971
4,5,6,2,0,128,-0.751789852,1615,3330,0.398784381,1,0,0,0,0.964285714
41,5,1,1,1,78,-1.468103429,431,3272,0.120331462,0,0,0.168711656,0.374233129,0.012269939
48,5,5,1,1,122,-0.717480283,2333,4520,0.295027565,1,0,0,0,0.943566591
48,5,6,1,1,141,-0.551264902,2183,3330,0.364231948,0.285714286,0,0,0,0.953271028
49,5,1,3,0,69,-1.343273489,823,3337,2.040349554,0,0,0.466463415,0,0
49,5,2,3,0,83,-0.635891538,41,476,0.304613424,0,0,0.020833333,0.125,0.422348485
49,5,3,3,0,85,-0.963970651,1503,3811,1.17707065,0.25,0,0.428805237,0.042553191,0.079787234
39,5,3,2,0,101,-0.694455655,1405,2374,1.202218747,0,0,0.514767932,0.042194093,0.147679325
49,5,5,3,0,117,-0.839367613,1467,4046,0.548385347,0.941176471,0,0,0,0.793164557
49,5,6,3,0,134,-1.076736041,1024,3332,0.741189774,0.714285714,0,0,0,1
42,5,4,2,0,110,-0.94258251,1093,2381,0.670241058,0,0,0.435014006,0.012605042,0.357142857
42,5,5,2,0,120,-0.723157443,603,1663,0.081117966,0.857142857,0,0,0,0.754491018
43,5,2,3,0,85,-0.672759008,52,238,0.146938969,0,0,0.235294118,0.294117647,0
46,5,6,2,0,126,-0.873555204,1846,3567,0.319648086,1,0,0,0,0.95601173
24,5,2,2,0,100,-0.066675963,29,238,0.839960805,0,0,0.285714286,0,0.071428571
24,5,3,2,0,101,-0.512781025,1270,2378,1.509073198,0,0,0.154166667,0.004166667,0.095833333
45,5,4,1,1,105,-0.929265773,1946,4046,0.355729422,0,0,0.473572038,0.045183291,0.243286445
7,5,1,2,0,85,-0.633861331,1562,3331,1.473432937,0,0.071428571,0,0,0.087227414
45,5,5,1,1,122,-0.076219335,15,238,0,1,0,0,0,0.076923077
45,5,6,1,1,123,-1.345049452,1069,3569,0.339034373,1,0,0,0,0.837758112
46,5,1,2,0,72,-1.166104395,1142,3335,0.931835018,0,0,0.395209581,0.119760479,0
8,5,1,2,0,86,-0.560907141,1946,3321,2.527313597,0,0.142857143,0.502994012,0.218562874,0.04491018
46,5,2,2,0,86,-0.082157401,0,238,0.006602539,0,0,0,0,0.1
46,5,3,2,0,87,-0.816284566,2116,4049,0.503161598,0.529411765,0,0.435960591,0.049261084,0.120689655
46,5,4,2,0,104,-0.794479706,2465,4049,0.918475539,0,0,0.240786241,0.125307125,0.098280098
6,5,6,2,0,141,-0.376014346,1787,3331,0.452624001,0.142857143,0,0,0,1
19,5,5,2,0,115,-0.573391056,79,712,0.563087247,0.666666667,0,0,0,0.164529915
19,5,6,2,0,118,-0.588306244,2025,3330,1.054577338,0.928571429,0,0,0,1
48,5,4,1,1,104,-0.758387543,2338,4281,0.487378866,0,0,0.743464052,0,0.214052288
24,5,4,2,0,111,-0.457862761,1591,2616,0.058385235,0,0,0.371635195,0,0.076536762
41,5,3,1,1,94,-0.979770935,1406,3090,1.121819348,0.076923077,0,0.32247557,0.13029316,0.309446254
24,5,6,2,0,123,-0.563580771,1545,3329,0.407323209,1,0,0,0,1
6,5,1,2,0,85,-0.5732327,1908,3566,2.361133313,0,0.133333333,0.217910448,0.232835821,0.325373134
6,5,2,2,0,100,-0.135012076,22,236,0.553643354,0,0,0,0,0.133333333
42,5,1,2,0,86,-0.923883469,1571,3326,2.527313597,0,0.142857143,0.128742515,0.338323353,0.446107784
8,5,2,2,0,100,-0.263136616,39,237,0.585521003,0,0,0.25,0,0.0625
6,5,4,2,0,112,-0.843478742,1107,2379,0.028498544,0,0,0.475,0,0.3125
6,5,5,2,0,122,-0.385734279,2161,4518,0.30488409,0.842105263,0,0,0,0.9030837
17,5,6,1,1,126,-1.052945151,1118,3332,0.342139309,1,0,0,0,0.769230769
46,5,5,2,0,121,-0.754913948,340,1185,0.060813671,0.8,0,0,0,0.626168224
8,5,5,2,0,121,-0.590427896,644,1662,0.081959285,0.857142857,0,0,0,0.774390244
8,5,6,2,0,128,-0.445563049,1322,3327,0.417030136,0.928571429,0,0,0,1
33,5,1,2,0,86,-0.62074024,1535,3331,2.528549645,0,0.142857143,0.574404762,0.083333333,0.005952381
33,5,2,2,0,100,-0.24075519,60,237,0.257951629,0,0,0.071428571,0.071428571,0.142857143
33,5,3,2,0,101,-0.678821924,1063,1905,1.223118809,0,0,0.703125,0.083333333,0.151041667
33,5,4,2,0,109,-0.70069189,1045,1905,0.811115191,0,0,0.645833333,0.005208333,0.208333333
33,5,5,2,0,117,-0.607027449,121,946,0.167586922,0.5,0,0,0,0.098901099
41,5,5,1,1,120,-0.760176174,2120,4044,0.304082369,0.941176471,0,0,0,0.903797468
42,5,2,2,0,100,-0.14281672,25,237,0.36399075,0,0,0,0.142857143,0.214285714
42,5,3,2,0,101,-1.097316653,808,2144,1.766151336,0,0,0.277777778,0.064814815,0.638888889
17,5,5,1,1,124,-0.505073593,61,476,0,1,0,0,0,0
19,5,2,2,0,88,-0.321551701,3,238,0.154945664,0,0,0.066666667,0,0.066666667
8,5,4,2,0,111,-0.830621706,1153,2380,0.009825794,0,0,0.454166667,0,0.504166667
19,5,3,2,0,89,-0.723576832,1717,3333,0.951456997,0.214285714,0,0.211596212,0.01986602,0.678909679
48,5,1,1,1,71,-1.186874557,1032,3331,2.069160749,0,0,0.442622951,0.006557377,0
43,5,4,3,0,104,-0.726934523,2608,4280,1.250691507,0,0,0.593301435,0,0.110047847
43,5,5,3,0,122,-0.868324738,286,1191,0.145755662,1,0,0,0,0.495575221
43,5,6,3,0,127,-0.64263964,2216,3571,0.374517412,0.933333333,0,0,0,0.942073171
7,5,2,2,0,99,0.021551389,49,237,0.015141396,0,0,0,0,0.307692308
7,5,3,2,0,100,-0.502185918,1472,2620,0.703452379,0,0,0.425274725,0,0.003846154
48,5,3,1,1,87,-0.898831136,1994,4042,0.684721841,0.117647059,0,0.583126551,0.007444169,0.267990074
41,5,6,1,1,137,-0.765729137,1938,3331,0.375484567,0.5,0,0,0,0.993975904
6,5,3,2,0,101,-0.639082135,1450,2616,2.020678336,0,0,0.359848485,0.037878788,0.401515152
19,5,1,2,0,74,-1.102598666,1102,3328,0.769460637,0,0,0.470948012,0,0
41,5,4,1,1,107,-0.865306498,1753,3092,0.627752079,0,0,0.540192926,0.099678457,0.048231511
48,5,2,1,1,85,-0.452883,16,476,0.017538009,0,0,0,0,0.079365079
17,5,2,1,1,87,-0.115494551,12,476,0,0,0,0.525902669,0.149136578,0
24,5,5,2,0,122,-0.047313592,35,236,0,1,0,0,0,0.375
17,5,4,1,1,107,-0.703603998,2150,4050,0.253104436,0,0,0.615196078,0,0
49,5,4,3,0,101,-0.935225722,1938,3812,0.652262259,0,0,0.591145833,0.002604167,0.020833333
17,5,3,1,1,89,-0.619072763,2373,4289,0.340188464,0.388888889,0,0.645833333,0,0.00462963
